"timestamp","symbol","bid","bid_qty","ask","ask_qty","last","volume","vwap","low","high","change","change_pct","ma_5","ma_14","ema_5","std_14","price_change","price_change_pct","max_14","min_14","vwap_diff","bid_ask_spread","log_return","momentum","volatility","cumulative_volume","volume_change","mean_bid_qty","mean_ask_qty"
"2025-04-22T06:30:00.000000Z","BTC/USD",88094.3,10.018318837499999,88094.4,0.0098839175,88094.4,6664.6034500999995,87578.1,86400.0,88800.6,611.7,0.7,88092.285,88120.40892857141,66070.8,123.24412889108454,-1173.600000000035,-1.3277850563087157,88387.8,88085.5,516.2999999999884,0.09999999999126885,0.0,5.724999999991269,80.740758351476,93376.23238176001,-1.4931000004025918E-4,9.810157443806197,1.2585519345305498
"2025-04-22T06:31:00.000000Z","BTC/USD",88102.6,12.3567316875,88102.7,0.7128639349999999,88102.7,6664.80245267,87578.1,86400.0,88800.6,620.0,0.71,88098.14,88091.89642857143,66075.9275,6.4156536880400035,-1142.5000000000146,-1.2925992048676567,88102.7,88085.5,524.0749999999935,1.6749999999919964,9.421267439848824E-5,7.775000000005093,2.19283394493387,93304.27417564002,0.025017807500034905,9.86449715297212,1.1060444699744152
"2025-04-22T06:32:00.000000Z","BTC/USD",88102.9,0.19053061666666668,88103.0,1.5487250799999999,88103.0,4998.70547455,87578.10000000002,86400.0,88800.6,620.3,0.71,88102.60666666667,88096.19285714284,66077.1275,6.379515207731908,-854.7000000000116,-0.9669886568055904,88103.0,88085.6,524.7999999999932,0.10000000000097013,3.405111185426524E-6,0.8999999999990299,2.1760395053833257,69979.36581408,-0.008036103333324718,9.369903092560387,1.132441570672486
"2025-04-22T06:33:00.000000Z","BTC/USD",88102.9,0.037266610000000006,88103.0,5.8512863175,88103.0,6664.91001202,87578.1,86400.0,88800.6,620.4,0.71,88102.94,88099.87857142856,66077.235,4.684957473725826,-1139.3000000000175,-1.2889787957161707,88103.0,88089.1,524.8749999999927,0.10000000000582077,-3.4095193709353724E-18,0.125,2.09445591076163,93307.02826138999,9.961249998013955E-5,8.149590544636059,1.4028385800887873
"2025-04-22T06:34:00.000000Z","BTC/USD",88102.9,1.3017305783333333,88103.0,4.117580778333333,88103.0,9976.50368613,87578.33333333333,86400.0,88800.6,647.2,0.74,88102.95333333332,88102.50833333332,66077.2125,2.9574275225321798,-1104.500000000029,-1.2494717245781795,88103.0,88094.4,524.6166666666637,0.10000000000582077,-3.4095193709353724E-18,-0.016666666667636793,1.7158157443740887,139889.46405900002,-0.5743315350000179,6.521099420701148,2.042553000900383
"2025-04-22T06:35:00.000000Z","BTC/USD",88100.0,0.03732475875,88100.1,12.852812781249998,88100.1,13292.28735467,87578.475,86400.0,88800.6,644.3,0.74,88101.2625,88102.29285714288,66075.0375,1.4113967607729505,107.29999999998836,0.12181220701268919,88103.0,88100.0,522.0625000000036,0.22500000000582077,-3.291656049474065E-5,-1.4499999999970896,0.5686067265405921,186291.60172901998,-0.20508016249999628,4.750693933166666,3.703330738458334
"2025-04-22T06:36:00.000000Z","BTC/USD",88075.0,0.021382543749999997,88075.1,18.14286637125,88075.0,26573.880498880004,87578.59375,86400.0,88800.6,701.9,0.8,88096.46125,88099.04553571431,66060.215,9.314187116043827,-110.29999999990105,-0.1251919344707228,88103.0,88075.0,515.1312500000004,1.6625000000058208,-2.8494378796815054E-4,-4.9375,3.615220945559767,372119.70098173,-0.03941123749999065,1.1898033828333332,10.150411929979164
"2025-04-22T06:37:00.000000Z","BTC/USD",88046.3,0.032188187,88046.5,18.057441864999998,88046.3,16605.029007569996,87578.69999999998,86400.0,88800.6,673.2,0.77,88072.19200000001,88081.95000000001,66041.1825,13.07924239520961,-354.8999999999796,-0.402830940705952,88100.1,88046.3,487.6900000000038,5.850000000004366,-3.259117466659183E-4,-10.730000000000292,7.9336822226169685,232487.70628478,-0.017701645000011014,0.08049727626666665,16.507841955766665
"2025-04-22T06:38:00.000000Z","BTC/USD",88010.1,0.02541787,88012.7,9.567438442857142,88010.1,11622.569695679998,87578.72857142858,86400.0,88800.6,637.1,0.73,88041.94571428571,88058.88877551022,66019.2225,20.626038625671463,-466.5000000000291,-0.5295113862980674,88085.6,88010.1,454.71428571428777,5.457142857134126,-4.112318610416746E-4,-15.914285714284883,10.649338118721483,162725.00527137,0.018323528571435026,0.024592151476190476,16.723908812238093
"2025-04-22T06:39:00.000000Z","BTC/USD",88002.8,0.8653767363636363,88002.9,5.945640665454547,88002.9,18266.02843546,87578.80000000003,86400.0,88800.6,629.8,0.72,88011.34363636364,88025.46103896105,66004.91,21.33389680909567,-927.6000000000204,-1.0529690591646685,88075.0,88002.9,429.9818181818171,0.7636363636278971,-8.181213892168214E-5,-6.990909090909884,10.652976915385997,255712.86125875998,-0.0016698854545583426,0.23177907381818177,13.658198584181816
"2025-04-22T06:40:00.000000Z","BTC/USD",88020.5,6.9149193066666665,88032.6,1.1826859177777775,88032.6,14951.177757780002,87579.03333333331,86400.0,88800.6,659.5,0.75,88013.7511111111,88010.69047619049,66017.71500000001,8.383377625288853,-482.49999999998545,-0.5478336255675166,88032.6,88002.9,439.1666666666667,2.0666666666705473,3.374319416459803E-4,7.577777777779072,4.523129251399345,209249.97576103001,0.12980213666668938,1.4222498197037037,8.831442568481481
"2025-04-22T06:41:00.000000Z","BTC/USD",88034.7,1.6607592816666665,88034.8,4.812366308333333,88034.8,19931.30790607,87579.325,86400.0,88800.6,661.7,0.76,88033.19833333335,88025.9892857143,66026.0575,11.085889173880142,60.09999999999127,0.06831549066955206,88034.8,88002.9,455.44166666666933,0.10000000000582077,2.4990429802236014E-5,3.7666666666652113,4.493242789928607,279099.40205793,-0.14848572000001545,2.880561573527778,4.8170516281666655
"2025-04-22T06:42:00.000000Z","BTC/USD",88034.7,0.31469151,88034.8,6.70875788,88034.8,6637.78880527,87579.55,86400.0,88800.6,661.7,0.76,88034.76499999998,88034.72857142857,66026.08249999999,0.5604298641685137,98.5,0.11191890941765628,88034.8,88032.6,455.2250000000022,0.10000000000582077,-1.1288979835297457E-16,0.02500000000145519,0.5901559316555813,92998.78583762,-0.385055262499975,2.905187994166667,4.1705068015
"2025-04-22T06:43:00.000000Z","BTC/USD",88034.7,0.0059777450000000005,88034.8,10.415705630000001,88034.8,6629.100541600001,87579.8,86400.0,88800.6,659.5,0.75,88034.78499999999,88034.76964285715,66026.1,0.04791574237778456,113.60000000000582,0.12908185662944935,88034.8,88034.7,455.0,0.10000000000582077,0.0,0.02500000000145519,0.07297563831582574,92938.23049346,-0.2544537425000044,2.819887687083334,4.747839022500001
"2025-04-22T06:44:00.000000Z","BTC/USD",88034.7,14.7135285,88034.8,0.00266351,88034.7,1657.2703752,87579.8,86400.0,88800.6,658.5,0.75,88034.78,88034.7642857143,66026.08,0.04791574237778456,31.80000000000291,0.0361351728181718,88034.8,88034.7,454.8999999999942,0.10000000000582077,-1.1359150791097295E-6,-0.10000000000582077,0.06793662205263018,23223.216531330003,-6.411800000023504E-4,3.2719863553333335,4.563102883666667
"2025-04-22T06:45:00.000000Z","BTC/USD",88029.2,4.027680995714285,88029.3,4.126310559999999,88029.2,11601.327673810001,87579.80000000002,86400.0,88800.6,638.8,0.73,88042.05142857143,88037.79999999997,66027.3825,7.112108817835843,161.59999999997672,0.18360099677764183,88048.7,88027.9,461.61428571428195,3.528571428571013,-6.247731649455291E-5,0.6714285714281557,5.613740539092948,162492.82403618997,0.014637902857137826,3.2183184236666667,4.780690378190475
"2025-04-22T06:46:00.000000Z","BTC/USD",88024.0,4.393832493333333,88029.1,2.1199925299999998,88024.0,9944.211748660002,87579.86666666668,86400.0,88800.6,601.0,0.69,88032.53333333334,88037.49404761905,66023.765,8.723218489544264,-15.60000000000582,-0.01772036891054095,88048.7,88024.0,451.95000000000437,2.4000000000038804,-5.907305293534206E-5,-1.8999999999990298,7.139613633821087,139216.19891787998,0.0027030116666916606,2.547409486,5.1426216041111115
"2025-04-22T06:47:00.000000Z","BTC/USD",88055.9,10.110201309999999,88058.7,0.8126467683333333,88058.7,9930.30729885,87580.33333333336,86400.0,88800.6,635.6,0.73,88032.14333333336,88033.925,66034.5825,11.836807001889223,29.300000000017462,0.03328233768497582,88058.7,88024.0,459.30000000000047,5.00000000000485,3.9413298920539164E-4,9.533333333332848,9.559480563244454,139159.75343947002,0.15597044999996493,3.7529360705,4.533920479888889
"2025-04-22T06:48:00.000000Z","BTC/USD",88090.7,6.070837383636363,88090.8,1.4329143545454543,88090.8,18242.646291099998,87581.37272727274,86400.0,88800.6,660.8,0.76,88076.80545454547,88055.61363636365,66068.0725,25.281230433758513,524.1999999999825,0.5954389381108997,88090.8,88024.0,502.3272727272759,1.9909090909125304,3.6446314471938723E-4,15.772727272727273,9.611482285057818,255168.49731272,-0.006257628181815148,5.587423574,3.0634340542424243
"2025-04-22T06:49:00.000000Z","BTC/USD",88100.0,10.388280196666665,88100.1,0.05117493000000001,88100.0,4974.10870632,87581.46666666667,86400.0,88800.6,617.3,0.71,88094.49333333333,88084.19047619049,66072.9525,14.368788808970114,154.20000000001164,0.175130420297929,88100.1,88056.0,518.6000000000058,3.2000000000067907,1.0443224059772225E-4,9.30000000000291,5.690997770280146,69647.57111244,-0.11276059333332948,6.056417064444443,1.890599174
"2025-04-22T06:50:00.000000Z","BTC/USD",88100.0,3.66840239,88100.1,0.05152805,88100.1,1657.91769825,87581.5,86400.0,88800.6,617.4,0.71,88098.22,88089.72857142857,66074.1275,10.453600102457798,62.0,0.07042405503980663,88100.1,88064.9,518.6000000000058,0.10000000000582077,1.1350731356607992E-6,9.30000000000291,5.686483506929594,23216.34751438,-6.734999988111667E-5,6.410123684333334,1.6933358450000002
"2025-04-22T06:51:00.000000Z","BTC/USD",88166.2,10.05063504,88166.3,1.5143294875,88166.3,13255.336704410001,87581.5875,86400.0,88800.6,669.3,0.76,88121.325,88104.4375,66112.5775,24.78103290495975,837.0000000000146,0.9508054840962474,88166.3,88067.9,554.0374999999967,8.11250000000473,7.51135816156986E-4,25.68749999999818,9.689138676064248,185675.86035809,-0.11821198000001232,7.602331576250001,1.2813561747916666
"2025-04-22T06:52:00.000000Z","BTC/USD",88159.3,0.6763677483333334,88159.4,4.1054693349999996,88159.3,9941.08075967,87581.65000000001,86400.0,88800.6,659.3,0.75,88160.12,88135.65119047619,66120.4675,25.738013853885132,728.5999999999622,0.8276021274981373,88166.3,88090.8,579.4166666666619,0.10000000000097013,-7.939856723778618E-5,6.116666666663757,10.072629737186945,139196.24013827002,-0.028457913333340912,7.2269293419444445,1.4760196226111113
"2025-04-22T06:53:00.000000Z","BTC/USD",88159.3,0.09264735181818183,88159.4,10.169691631818182,88159.4,18218.539118580004,87581.69999999997,86400.0,88800.6,659.4,0.75,88159.47636363635,88157.95324675326,66119.5275,15.45623346941849,832.0999999999913,0.9446867663584423,88166.3,88125.5,577.6454545454563,0.09999999999126885,1.134309633467688E-6,-0.45454545454545453,8.13567641743624,255116.04828466,-0.05248158272725463,5.1371355894242425,3.4257854136666666
"2025-04-22T06:54:00.000000Z","BTC/USD",88159.3,8.779206785,88159.4,0.09488268,88159.4,3312.44188287,87581.7,86400.0,88800.6,659.4,0.75,88159.37,88159.34285714287,66119.5325,0.049487165926218546,118.49999999998545,0.13450609023143612,88159.4,88159.3,577.6500000000015,0.09999999999126885,-2.0881267973949826E-17,0.0,0.06153846153308852,46376.14801032,-0.005050270000083401,4.195299658333333,4.966045635666667
"2025-04-22T06:55:00.000000Z","BTC/USD",88159.3,0.3941914771428571,88159.4,4.722825932857142,88159.4,11617.181577030002,87583.09999999999,86400.0,88800.6,639.4,0.73,88159.36285714286,88159.3469387755,66119.55,0.04999999999563443,299.29999999995925,0.33968311560955905,88159.4,88159.3,576.2714285714194,0.09999999999126885,-2.0881267973949826E-17,0.01428571428446698,0.06153846153308852,162405.59433525,0.47878852571430536,3.0213606940000006,5.492517992190477
"2025-04-22T06:56:00.000000Z","BTC/USD",88180.7,7.470297735,88180.8,2.4856388875,88180.8,6638.323060469999,87583.1,86400.0,88800.6,660.8,0.76,88162.56,88160.50535714286,66127.51,7.447958904072792,49.19999999999709,0.0558130203297932,88180.8,88159.3,586.8999999999942,5.374999999996362,2.4271266682304607E-4,10.60000000000582,5.622913814325296,92876.57420812,0.008765259999961472,1.991942619833333,5.882912312000001
"2025-04-22T06:57:00.000000Z","BTC/USD",88169.6,3.2991702833333334,88182.2,3.46251428,88182.2,9957.503773179998,87583.15000000001,86400.0,88800.6,662.3,0.76,88168.44666666666,88163.93452380953,66127.64749999999,8.37992316461897,44.300000000032014,0.05024969257603258,88182.2,88159.3,584.8666666666662,3.116666666668607,1.5876345945779275E-5,-0.016666666667636793,8.194615059680315,139394.99107994002,-0.002197649999970963,1.9910330273888892,6.037788212944445
"2025-04-22T06:58:00.000000Z","BTC/USD",88184.9,1.9249742950000002,88185.0,0.40926279625,88184.9,13276.8468194,87583.19999999998,86400.0,88800.6,664.9,0.76,88180.10500000001,88172.95982142857,66137.68000000001,9.595271475777352,188.4999999999709,0.21381742506218476,88185.0,88159.3,599.6875,0.09999999999490683,3.061795539196721E-5,6.799999999999272,8.194615059680315,185874.36863534997,-0.004085453750008128,2.6014509592916664,4.558578747375
"2025-04-22T06:59:00.000000Z","BTC/USD",88236.9,9.209794233333332,88237.0,0.03627719,88237.0,9956.15056739,87583.2,86400.0,88800.6,729.8,0.83,88207.20666666667,88189.43690476188,66175.18000000001,23.857079768951525,390.90000000000873,0.4434016713641784,88237.0,88164.0,641.3000000000029,8.183333333339155,5.906296385490804E-4,33.95000000000194,10.436559545557207,139401.06949745,-0.027337121666657065,3.8337526935555553,2.4142140034444446
"2025-04-22T07:00:00.000000Z","BTC/USD",88236.9,7.614488331666667,88237.0,0.10461226166666666,88237.0,9956.13059343,87583.2,86400.0,88800.6,722.1,0.83,88236.65999999999,88214.41904761904,66177.7325,25.43396913016852,465.6000000000204,0.5281343658599411,88237.0,88182.2,653.7833333333352,0.10000000000582077,-9.024140789281546E-17,1.6499999999990298,10.34898731575085,139392.49131215,-0.006605590000011337,4.824689897222222,1.5970633888888888
"2025-04-22T07:03:00.000000Z","BTC/USD",88236.9,0.51724205,88237.0,0.00226837,88237.0,1658.65819983,87583.3,86400.0,88800.6,682.4,0.78,88236.98000000001,88227.91428571427,66177.735,17.96066563922746,77.60000000000582,0.08802237764776737,88237.0,88184.9,653.6999999999971,0.10000000000582077,0.0,0.0,10.345973690168702,23230.49392882,-0.6927120699999705,5.256050911666666,1.161207063
"2025-04-22T07:05:00.000000Z","BTC/USD",88225.7,1.7526381508333333,88225.8,0.7639858866666668,88225.8,19900.816829699997,87583.30000000003,86400.0,88800.6,671.2,0.77,88228.69500000002,88231.93869047619,66169.7375,13.508283550836785,624.4000000000233,0.7081480917758025,88237.0,88185.2,643.5833333333321,1.125000000003638,-1.2693893574206562E-4,-3.466666666665939,10.354549067466147,278688.59552582004,-0.016349509999997736,4.576748353583333,0.7489590583333333
"2025-04-22T07:06:00.000000Z","BTC/USD",88225.7,0.7785308799999999,88225.8,2.8881335257142857,88225.8,11609.14864045,87583.30000000002,86400.0,88800.6,671.3,0.77,88225.87714285716,88226.31938775511,66169.3375,3.965102875880681,210.2000000000262,0.23836527150049577,88237.0,88224.6,642.4857142857135,0.10000000000582077,2.772635297894864E-17,-0.45714285714244135,3.5577733878466042,162525.22261969998,-0.0032044614285950956,4.112051953047618,0.7156118384761905
"2025-04-22T07:07:00.000000Z","BTC/USD",88225.7,3.6096571699999997,88225.8,0.0733467957142857,88225.8,11609.264712479999,87583.30000000002,86400.0,88800.6,671.2,0.77,88225.76285714286,88225.87448979593,66169.3225,0.8053393251099561,-78.69999999999709,-0.08919160896222343,88228.9,88225.7,642.4571428571404,0.10000000000582077,5.545270595789728E-17,0.0,1.2168443035834664,162527.54147737997,0.008430394285726703,2.881631466142857,1.0093260592857143
"2025-04-22T07:08:00.000000Z","BTC/USD",88225.7,5.69405967,88225.8,0.0359685125,88225.8,6633.90954218,87583.35,86400.0,88800.6,671.3,0.77,88225.775,88225.76964285714,66169.33249999999,0.04791574237778456,-44.79999999998836,-0.050772365991318166,88225.8,88225.7,642.4250000000029,0.10000000000582077,2.772635297894864E-17,0.0,0.06793662205263018,92873.97863686999,-0.01143803999997317,2.4645113304166664,0.9997357055
"2025-04-22T07:09:00.000000Z","BTC/USD",88225.7,8.71763034625,88225.8,0.02329714625,88225.8,13253.360165229999,87583.40000000001,86400.0,88800.6,671.2,0.77,88225.775,88225.77142857143,66169.3225,0.045175395147892115,-2.0,-0.0022667685002001987,88225.8,88225.7,642.3750000000073,0.10000000000582077,2.772635297894864E-17,-0.012500000000727596,0.06793662205263018,185683.85936247002,-0.2200681262500268,3.5838886345,0.7427877440000001
"2025-04-22T07:10:00.000000Z","BTC/USD",88229.1,5.895118011111112,88229.2,0.015287097777777783,88229.1,14910.617775760002,87583.41111111111,86400.0,88800.6,679.3,0.78,88228.81555555556,88227.09841269843,66173.24250000001,3.3303796437389375,37.79999999998836,0.0428446269098943,88238.8,88225.7,646.5777777777839,1.5444444444437977,3.740332515977169E-5,2.5555555555555554,3.9065261736719497,208769.78236581,0.02183584666666623,5.308163448777776,0.5490454191111112
"2025-04-22T07:11:00.000000Z","BTC/USD",88239.9,1.9831562950000001,88240.0,2.2233479328571426,88239.9,23200.677410969998,87583.70714285714,86400.0,88800.6,777.6,0.89,88237.43571428572,88234.02448979592,66179.95749999999,5.195253917307142,181.09999999993306,0.20526882681365083,88240.0,88225.7,654.9999999999958,1.3357142857182356,1.2240110176260134E-4,2.414285714284883,4.336333356912566,324749.95688633,0.07891251214285992,5.567460968023807,0.5406066414761905
"2025-04-22T07:12:00.000000Z","BTC/USD",88180.9,1.9396436149999998,88181.0,3.710916058333334,88181.0,9948.389305550001,87584.09999999999,86400.0,88800.6,719.6,0.82,88231.71333333333,88236.91547619045,66154.7475,20.641201119931253,-54.40000000002328,-0.061659957025770665,88240.0,88179.4,632.5999999999913,8.700000000004366,-6.677213662144492E-4,-23.25,12.665239201203892,139226.94346948998,0.03557835833335806,4.158464513333334,1.3999834366666664
"2025-04-22T07:13:00.000000Z","BTC/USD",88182.1,0.947610945,88182.2,1.4509365975000001,88182.2,6631.91051697,87584.25,86400.0,88800.6,718.7,0.82,88188.30500000001,88219.57857142856,66136.4975,27.958632889703463,-187.00000000001455,-0.21194899032644965,88240.0,88179.4,597.7749999999978,0.10000000000218279,1.3608281092863933E-5,-23.049999999999272,12.768197363189605,92839.99511651,-0.06755898500000512,2.776871031666667,1.8485792242499999
"2025-04-22T07:14:00.000000Z","BTC/USD",88180.9,0.0420920925,88181.0,4.8649760625,88181.0,13262.55070688,87584.30000000002,86400.0,88800.6,717.4,0.82,88181.45749999999,88194.79910714284,66135.7325,28.013426992010437,-408.6000000000058,-0.46309425498675827,88240.0,88179.4,596.8124999999964,0.23750000000654836,-1.3608281092812398E-5,-0.5249999999996362,12.762964171300862,185691.93616555003,-0.01335893124999643,1.6159011579583333,2.6860756847083334
"2025-04-22T07:15:00.000000Z","BTC/USD",88180.9,0.6996894233333334,88181.0,3.5203905666666664,88180.9,4973.83710683,87584.33333333333,86400.0,88800.6,717.4,0.82,88180.97333333334,88181.35476190476,66135.72,0.8183170883845268,-176.89999999999418,-0.20047612603470033,88183.9,88180.9,596.6333333333314,0.10000000000582077,-1.1340317835621305E-6,0.0,0.9918603642890106,69630.78693352001,0.06738299333331572,1.0518097097777777,3.3425222313333336
"2025-04-22T07:16:00.000000Z","BTC/USD",88180.9,0.8068931871428572,88181.0,1.8839829014285716,88181.0,11606.35918822,87584.40000000001,86400.0,88800.6,717.4,0.82,88180.97428571428,88181.06224489796,66135.75,0.8217701153294634,-412.5999999999767,-0.46758877364296136,88183.9,88180.9,596.5857142857193,0.10000000000582077,1.134031783616396E-6,0.014285714286545823,0.5326055191742444,162475.45960316004,0.007703062857152483,0.9147883934761906,3.195298520047619
"2025-04-22T07:17:00.000000Z","BTC/USD",88180.9,2.62099811,88181.0,1.4180972866666668,88181.0,4974.81769204,87584.5,86400.0,88800.6,717.5,0.82,88180.98000000003,88180.9738095238,66135.735,0.045175395147892115,-176.89999999999418,-0.20047612603470033,88181.0,88180.9,596.4666666666648,0.10000000000582077,5.426558928232038E-17,-0.033333333335273586,0.06153846154204355,69637.18663145999,0.06136836333333425,0.8403586022222221,3.142750907666666
"2025-04-22T07:18:00.000000Z","BTC/USD",88199.9,8.249027980000001,88200.0,0.62820162,88199.9,3316.5818965500002,87584.5,86400.0,88800.6,736.3,0.84,88186.67000000001,88183.01071428572,66142.845,6.640014752872227,-60.0,-0.06800389906374926,88200.0,88180.9,615.4499999999971,9.60000000000582,2.14308919756256E-4,19.0,5.06551165076396,46427.078482,0.0148163049999539,1.0557361145000002,3.0696241145
"2025-04-22T07:19:00.000000Z","BTC/USD",88236.8,11.141173235,88236.9,0.3483606642857143,88236.9,23220.360591369998,87584.62857142859,86400.0,88800.6,773.3,0.88,88201.04999999997,88194.24795918367,66164.68999999999,12.78601156876893,342.3000000000029,0.3881782529357506,88236.9,88180.9,621.0642857142832,2.735714285718651,4.194136432124886E-4,8.4357142857147,8.97582552119455,325031.86161367997,0.0487593192857178,3.903573521880952,2.1869652722142856
"2025-04-22T07:20:00.000000Z","BTC/USD",88236.8,22.459686025,88239.4,0.005328320000000001,88236.9,6634.313771489999,87584.8,86400.0,88800.6,770.9,0.88,88231.83000000002,88212.29107142855,66177.675,17.91251557670231,223.79999999998836,0.25379631327793983,88236.9,88199.9,652.0999999999913,0.7249999999912689,0.0,16.89999999999418,8.97573982050442,92885.79134423,-0.20039055000000872,8.076617925666666,0.941567885
"2025-04-22T07:21:00.000000Z","BTC/USD",88259.9,14.914443572000001,88260.0,0.319129456,88260.0,24895.773984960004,87585.46666666669,86400.0,88800.6,796.4,0.91,88243.37999999999,88235.41666666667,66193.51,18.230649512086412,868.3000000000466,0.9845994033427103,88260.0,88199.9,660.99333333333,1.5733333333356616,2.6176097293402695E-4,6.160000000001552,8.939573610150882,348422.53238300007,0.12424799000000349,12.520796936222224,0.4001516328666666
"2025-04-22T07:22:00.000000Z","BTC/USD",88259.9,20.41337186375,88260.0,0.9550300287499999,88259.9,13280.254567759997,87585.59999999999,86400.0,88800.6,796.3,0.91,88259.97749999998,88253.19464285715,66194.965,8.854184413745791,473.5999999999767,0.5369569976294949,88260.0,88240.0,674.362499999992,0.10000000000582077,-1.1330167306542496E-6,-0.02500000000145519,3.973834539426,185922.13016677002,-0.0011934450000126162,15.865231963208332,0.32968913029166663
"2025-04-22T07:23:00.000000Z","BTC/USD",88277.8,21.15677974307692,88278.8,0.5783731653846154,88278.8,21585.13304322,87585.75384615384,86400.0,88800.6,815.3,0.93,88261.13692307692,88260.30604395604,66202.72,6.344224434355357,317.1000000000204,0.35936427771179846,88278.8,88245.1,677.51538461538,1.5461538461587714,2.1411735865518546E-4,3.3000000000006717,3.9709745722231284,302140.75435755,0.07034255923076671,18.462663443948717,0.5880764523846154
"2025-04-22T07:24:00.000000Z","BTC/USD",88307.9,4.346826891428571,88308.0,0.032056612857142855,88308.0,11588.785803460001,87586.5,86400.0,88800.6,857.9,0.98,88297.22285714284,88276.25204081633,66230.9825,21.39217027277942,395.9999999999709,0.4487286740131168,88308.0,88259.9,720.4857142857135,4.271428571433977,3.3071554913640224E-4,21.314285714285298,6.769222027964905,162590.212476,-0.7715399814285645,17.727055657428572,0.6242944914761904
"2025-04-22T07:25:00.000000Z","BTC/USD",88307.9,4.56078091,88308.0,0.03703256,88308.0,6620.39506653,87586.54999999999,86400.0,88800.6,858.0,0.98,88307.97,88295.05714285714,66230.985,20.552873576336786,192.0,0.21753915080232905,88308.0,88260.0,721.4249999999956,0.10000000000582077,-2.415229745800912E-17,0.0,6.840784411229665,92804.15831022999,-0.22634895250001819,15.710986212999998,0.5000486115
"2025-04-22T07:26:00.000000Z","BTC/USD",88311.0,2.1732748950000005,88311.1,0.461981095,88311.1,6618.029997619999,87586.62500000001,86400.0,88800.6,922.9,1.06,88309.505,88306.56964285715,66232.9875,10.444657359001145,204.30000000001746,0.23147525267449234,88311.1,88277.9,724.4249999999993,0.8500000000058208,3.510379115645424E-5,3.0750000000043656,6.030837911696776,92709.97867291002,-0.1458677549999834,13.4464739965,0.39667678083333335
"2025-04-22T07:27:00.000000Z","BTC/USD",88311.0,1.3061735533333334,88311.1,0.8212985716666665,88311.1,9922.258687900001,87586.7,86400.0,88800.6,922.9,1.06,88311.05666666666,88309.62142857145,66233.31500000002,1.5364450088801647,306.6000000000349,0.347382864160109,88311.1,88307.9,724.3666666666735,0.10000000000582077,6.587417582444056E-17,0.033333333335273586,0.8022896229254071,138992.70367935003,-0.08665499833333949,10.205695886,0.38941341599999996
"2025-04-22T07:28:00.000000Z","BTC/USD",88311.0,0.7526010860000001,88311.1,3.8665624979999995,88311.1,8267.02765756,87586.78,86400.0,88800.6,922.9,1.06,88311.084,88310.8,66233.3125,1.2716693191034414,252.60000000003492,0.2861981353040668,88311.1,88307.9,724.3000000000029,0.10000000000582077,6.587417582444056E-17,-0.020000000001164153,0.8013302549605569,115777.12620252001,-0.03802870199997414,6.198579562133333,0.6121637230666668
"2025-04-22T07:29:00.000000Z","BTC/USD",88290.1,1.0013654766666666,88290.2,0.9281862233333333,88290.2,9910.56078654,87587.06666666667,86400.0,88800.6,880.3,1.01,88296.31333333334,88305.53095238096,66217.35,10.787388706360266,-0.7000000000116415,-7.714050140413056E-4,88311.1,88287.2,702.2833333333377,3.3999999999941792,-2.3669135048929178E-4,-13.916666666671517,6.236123055972479,138883.28610076,-0.8348680000000286,2.6911506501111107,1.0578638056666667
"2025-04-22T07:30:00.000000Z","BTC/USD",88298.9,5.5346272249999995,88299.0,0.00154367,88298.9,16480.46847594,87587.45999999999,86400.0,88800.6,857.1,0.98,88290.38200000001,88294.12357142856,66219.5675,10.845830572915299,-174.39999999997963,-0.1974894231710238,88311.1,88287.2,703.6800000000032,0.20999999999330612,9.853382804512238E-5,0.9700000000011642,6.234206079669592,231089.92274598,-0.06661122999998952,2.1798335859333333,1.0604920903
"2025-04-22T07:31:00.000000Z","BTC/USD",88399.9,8.636610544,88400.0,0.9232086108,88400.0,41232.85902424,87588.328,86400.0,88800.6,958.1,1.1,88346.36479999998,88330.38457142856,66291.735,21.64248467383284,1336.899999999936,1.5141526219555983,88400.0,88290.1,765.9880000000028,4.012000000003609,0.0011443196424225422,15.415999999999768,7.8247747949514626,577114.42858278,0.08283010399999512,5.697602285586666,0.5634780462533334
"2025-04-22T07:32:00.000000Z","BTC/USD",88403.0,13.306713997500001,88403.1,5.851049934375,88403.0,26461.086702179997,87590.53749999998,86400.0,88800.6,939.4,1.07,88399.57125,88393.47276785715,66302.015,12.084278874569701,1309.8999999999942,1.4832078616328939,88403.1,88353.0,810.2437500000005,0.2937500000043656,3.3936075748508514E-5,3.525000000001455,7.293394920575443,369781.80613849004,0.6229486906250088,10.267914186333334,3.017126762791667
"2025-04-22T07:33:00.000000Z","BTC/USD",88407.0,4.89059869875,88407.1,1.5620846874999998,88407.1,13283.20388217,87593.75,86400.0,88800.6,943.6,1.08,88406.31250000001,88403.12053571429,66307.595,5.725707335324928,273.00000000001455,0.3089195562298312,88423.5,88399.9,814.3625000000047,2.5749999999989086,4.6377441116269705E-5,3.937499999998181,6.69183022169466,185661.76146511,0.1483045437499868,10.822821178208335,3.983421692791666
"2025-04-22T07:34:00.000000Z","BTC/USD",88449.9,6.22435572857143,88450.0,1.6967549142857143,88450.0,11625.72585728,87594.18571428572,86400.0,88800.6,933.9,1.07,88420.69428571429,88411.6051020408,66333.505,19.174186782637282,290.40000000000873,0.32853231310827236,88450.0,88400.2,837.8571428571429,6.22857142857226,4.8513744533194907E-4,22.299999999998754,12.442207228224493,162723.70880018006,-0.20750801142857458,9.94796454747619,4.034764621047619
"2025-04-22T07:35:00.000000Z","BTC/USD",88438.5,1.297724966,88450.0,3.679972284,88438.5,16594.638191590002,87594.43000000001,86400.0,88800.6,920.7,1.05,88449.69400000002,88436.71499999998,66335.16,20.519527782287582,487.4999999999709,0.5514704909815595,88450.0,88406.2,854.3400000000008,1.2400000000052387,-1.3002541167127137E-4,-1.1600000000005821,12.466665611915435,232438.51872792002,0.015797215000020515,6.939830752500001,2.5754043122000003
"2025-04-22T07:36:00.000000Z","BTC/USD",88403.5,0.8793913666666667,88403.9,2.229127343333334,88403.9,19915.70189115,87594.86666666668,86400.0,88800.6,886.2,1.01,88411.70000000001,88429.80833333333,66300.8925,24.613822439880302,-22.300000000017462,-0.025218039370481882,88450.0,88393.4,809.7083333333394,4.358333333337214,-3.913088766215954E-4,-15.199999999998303,11.392071363052743,278806.27039672,0.010229167499990885,3.130938336944445,2.509087266027777
"2025-04-22T07:37:00.000000Z","BTC/USD",88349.3,2.8266129540000002,88349.4,4.2793923320000005,88349.4,8299.20516922,87594.98000000001,86400.0,88800.6,833.4,0.95,88371.168,88391.31857142856,66263.50249999999,23.59110542348724,-369.50000000001455,-0.4178451836867219,88438.5,88348.3,755.9799999999989,10.039999999993597,-6.166787463336652E-4,-39.88000000000466,18.077518811787172,116178.86717657001,0.027644452000004094,1.9306380191333332,3.0373882313333334
"2025-04-22T07:38:00.000000Z","BTC/USD",88349.3,0.0022714500000000004,88349.4,10.236583403333332,88349.4,9960.97232831,87595.15000000001,86400.0,88800.6,839.3,0.96,88350.28333333333,88369.89047619047,66262.0375,24.69983165273742,-603.3000000000029,-0.682080785311068,88403.9,88348.3,754.2333333333276,0.09999999999126885,-4.3892188535533776E-17,-1.5,15.486180134166323,139425.78839731,0.10868668333334124,1.2405342522777776,3.8809570743888884
"2025-04-22T07:39:00.000000Z","BTC/USD",88336.2,3.5284078366666662,88336.3,0.7110077149999999,88336.2,9966.03093347,87595.71666666667,86400.0,88800.6,814.8,0.93,88342.71,88349.54047619046,66252.10250000001,18.854108251498577,-658.1999999999825,-0.7441648414871506,88403.9,88335.6,742.5999999999962,2.3833333333338182,-1.494179494487164E-4,-8.76666666666521,15.407271778888976,139461.70115343,0.06241605999999441,1.300841853,4.099622084666666
"2025-04-22T07:40:00.000000Z","BTC/USD",88336.2,8.016963098333333,88336.3,0.08972662000000002,88336.2,9967.846816340001,87595.96666666667,86400.0,88800.6,811.8,0.93,88336.21,88341.34761904762,66252.16750000001,6.630418461874515,-438.40000000000873,-0.49584845577718906,88349.4,88335.6,740.2499999999976,0.10000000000582077,-9.082924875820995E-17,0.0,3.697704389409163,139509.03372841,0.08274439666665027,2.247898577611111,3.475147993277778
"2025-04-22T07:41:00.000000Z","BTC/USD",88361.9,9.117588332499999,88371.9,0.7069281399999999,88370.9,6645.7374628,87596.07500000001,86400.0,88800.6,846.4,0.97,88348.65500000001,88341.33214285714,66270.11750000001,12.405440297690772,-139.90000000002328,-0.15826165920736104,88370.9,88335.6,766.9999999999927,7.900000000005093,3.9274030806938146E-4,26.849999999998545,7.100329186467998,93028.37621026,0.013325472500014257,3.7509270435833333,3.3253917798333337
"2025-04-22T07:42:00.000000Z","BTC/USD",88344.3,1.1775282428571427,88344.4,5.219860381428572,88344.4,11642.867269960001,87596.9285714286,86400.0,88800.6,834.3,0.95,88364.08571428573,88351.99081632654,66263.23000000001,15.83366344088322,-51.09999999999127,-0.05779271157126558,88371.9,88336.2,761.7428571428526,2.628571428566439,-2.999174400705147E-4,-8.171428571426077,8.621632350008266,162852.69207340002,0.38169775857142796,4.021953730095238,3.5062500394761895
"2025-04-22T07:43:00.000000Z","BTC/USD",88382.7,6.400344945555556,88382.8,0.07024759555555554,88382.7,14977.468530260001,87597.30000000002,86400.0,88800.6,869.6,0.99,88361.8622222222,88359.94206349208,66287.065,17.497935738310638,212.40000000002328,0.2404252350742467,88382.8,88336.2,772.6999999999971,4.055555555558789,4.334366444040154E-4,15.099999999999353,10.868405978831548,209577.27386701002,0.007386238888885701,4.988694156666666,2.3269036679999995
"2025-04-22T07:44:00.000000Z","BTC/USD",88398.0,13.621279251250002,88398.1,0.0015050775000000002,88398.1,13313.45524626,87597.30000000002,86400.0,88800.6,885.0,1.01,88387.38,88375.14375,66295.1625,19.08842073411204,434.6000000000349,0.49198395452840443,88398.1,88344.3,793.2374999999993,0.13750000000618456,1.7422706582359893E-4,5.400000000001455,10.216265022302894,186386.64137108004,7.66674999965744E-5,6.821090264833333,1.3548046423749998
"2025-04-22T07:45:00.000000Z","BTC/USD",88424.9,20.019099508333337,88425.0,9.586516666666668E-4,88425.0,9985.13172925,87597.3,86400.0,88800.6,911.8,1.04,88407.95666666667,88394.98809523809,66313.8425,13.562418061447783,335.90000000003783,0.38015573799921487,88425.0,88382.7,818.75,3.383333333338669,3.042588915984293E-4,16.5,4.149356548106194,139791.34950331002,0.0020143416666845346,8.874458300555554,1.271083340111111
"2025-04-22T07:46:00.000000Z","BTC/USD",88445.3,8.561657319999998,88445.4,0.41900404999999996,88445.4,11649.496929779998,87597.37142857144,86400.0,88800.6,910.9,1.04,88435.84285714284,88416.6357142857,66336.49250000001,19.241547309326304,624.5999999999767,0.7069443370808592,88449.9,88389.0,846.5857142857151,3.657142857137452,2.306773783565904E-4,17.385714285711792,5.539583219748019,163090.84361303996,0.004168082857144587,11.361898792619046,0.5412200492380953
"2025-04-22T07:47:00.000000Z","BTC/USD",88437.4,5.325674089999999,88437.5,1.978946739,88437.5,16644.22292662,87597.45999999999,86400.0,88800.6,893.1,1.02,88439.402,88437.89999999998,66328.04000000001,15.236322069449981,614.9999999999709,0.695921069041055,88449.9,88407.0,839.8199999999997,0.09999999999563443,-8.932463234434578E-5,-4.530000000000291,6.132530390799119,232997.53187872996,0.03458610499999395,11.488387425233334,0.39446371339999997
"2025-04-22T07:48:00.000000Z","BTC/USD",88434.1,2.9772964244444444,88434.2,1.9687497966666665,88434.2,14978.38758314,87597.59999999999,86400.0,88800.6,869.6,0.99,88435.24000000002,88436.89047619047,66325.62000000001,4.640153058701503,319.2999999999738,0.3612168537332574,88449.8,88434.1,836.9111111111043,0.09999999999126885,-3.7315183835120023E-5,-1.4444444444428275,2.435001184647018,209718.13952831004,-0.07766709777777375,9.161218100259259,1.045277693925926
"2025-04-22T07:49:00.000000Z","BTC/USD",88397.9,3.771061445000001,88398.0,3.4070546062500005,88398.0,26618.42876104,87597.60000000002,86400.0,88800.6,843.5,0.96,88413.64624999999,88423.59196428572,66298.45499999999,18.244508539196623,-442.19999999998254,-0.4999643221238357,88437.5,88395.7,811.5187499999938,2.4937500000041837,-4.0942770044940407E-4,-9.056250000001455,10.301766379247534,372709.47740907996,-0.010848584374997472,4.152541685791666,2.3381526081041666
"2025-04-22T07:50:00.000000Z","BTC/USD",88391.7,1.0147616791666663,88391.8,5.1914489375,88391.8,19960.05151864,87597.7416666667,86400.0,88800.6,881.8,1.01,88395.90666666666,88397.79702380951,66293.81749999999,12.724363983145953,-487.49999999998545,-0.5512494706632147,88434.1,88391.7,797.1333333333301,0.10000000000582077,-7.013979316154647E-5,-2.0583333333318783,10.301766379247534,279483.93989849,-0.0667491408333376,3.107204172388889,3.5612722259444443
"2025-04-22T07:51:00.000000Z","BTC/USD",88389.0,0.5773676955555556,88389.1,4.156329003333333,88389.1,14960.05659089,87597.83333333334,86400.0,88800.6,916.3,1.05,88389.6822222222,88392.19206349208,66291.81000000001,3.549417888460448,-294.699999999968,-0.33325388930404803,88398.0,88389.0,791.2555555555607,0.10000000000582077,-3.0546286394120335E-5,-1.1888888888869487,1.7497928871516448,209539.20834684,-0.24611834222221457,2.3457706815925916,4.241142741518519
"2025-04-22T07:52:00.000000Z","BTC/USD",88389.0,0.15391571333333334,88389.1,5.887994186666667,88389.1,4979.02514319,87598.06666666667,86400.0,88800.6,931.4,1.06,88389.08666666667,88389.65952380955,66291.825,1.2022300706818196,-26.599999999976717,-0.030091189794977644,88391.8,88389.0,791.0333333333352,0.10000000000582077,0.0,0.033333333335273586,0.7232405706791146,69805.90601356002,-0.542314910000035,1.8654453524444445,4.27611072
"2025-04-22T07:53:00.000000Z","BTC/USD",88389.0,0.063475095,88389.1,7.489978327499999,88389.1,6636.43880455,87598.1,86400.0,88800.6,931.5,1.07,88389.09000000001,88389.13750000001,66291.8075,0.6978099852462676,-35.399999999965075,-0.040046188802973816,88391.8,88389.0,790.9749999999985,0.10000000000582077,-3.532974422997687E-18,-0.02500000000145519,0.7205356324514418,93021.40490236999,0.028862717499976043,1.0484026943333333,4.978727305083334
"2025-04-22T07:54:00.000000Z","BTC/USD",88382.7,0.0022118185714285715,88382.8,6.390497287142857,88382.7,11613.94679044,87598.11428571427,86400.0,88800.6,929.6,1.06,88388.37428571431,88388.82959183674,66289.2775,2.1818008850593746,-76.39999999999418,-0.08642731405896958,88389.1,88382.7,788.9571428571383,1.0,-7.240973959427928E-5,-1.9285714285735074,1.5371532899125706,162655.00512322003,-0.03654956999996882,0.536236719952381,5.352198939619048
"2025-04-22T07:55:00.000000Z","BTC/USD",88379.9,6.4661291385714295,88380.0,7.7572389,88380.0,11612.803293189998,87598.19999999998,86400.0,88800.6,926.9,1.06,88381.44857142857,88385.62346938775,66284.3,4.527985541191085,-79.70000000001164,-0.09016708652157063,88389.1,88374.4,781.8000000000029,2.100000000001663,-3.054943152831606E-5,-4.057142857144105,2.747155602680649,162589.68686484,0.018772389999997228,0.6364435119999998,5.69772846809524
"2025-04-22T07:56:00.000000Z","BTC/USD",88397.9,17.727790693333333,88398.0,2.7545733961111103,88398.0,29992.90336342,87601.62777777779,86400.0,88800.6,944.9,1.08,88385.0522222222,88382.72896825396,66298.4725,7.040364670518442,-35.00000000013097,-0.039597572296867625,88398.0,88374.4,785.4833333333331,1.1000000000009702,2.036452506781357E-4,4.305555555555555,2.837262619428123,418981.5331232601,0.5636266255555458,7.390245056555555,6.018687952055556
"2025-04-22T07:57:00.000000Z","BTC/USD",88419.9,16.2381206375,88441.2,0.006979475,88441.2,13353.75360372,87603.0,86400.0,88800.6,1008.5,1.15,88406.335,88397.275,66317.14,12.958916637132843,246.5,0.27890744180002885,88441.2,88380.0,810.6625000000004,5.025000000005093,4.885794649527234E-4,12.662500000000364,5.7143336853423,186942.96100068002,0.005413833749997821,14.651926224083333,3.5910910318750013
"2025-04-22T07:58:00.000000Z","BTC/USD",88441.2,11.050320632857145,88441.3,0.012592870000000003,88441.3,11684.70704878,87603.0,86400.0,88800.6,1005.8,1.15,88437.21999999999,88419.28571428571,66330.935,17.627704597812485,428.70000000001164,0.4850646513153245,88441.3,88397.9,838.2142857142857,0.11428571428197236,1.1306941047235127E-6,10.257142857143274,5.690675441653225,163583.58121304004,0.004394574285730154,16.428287735761902,1.6569757409523809
"2025-04-22T07:59:00.000000Z","BTC/USD",88449.8,10.855319547142857,88449.9,0.003313407142857143,88449.8,11685.15089466,87603.08571428571,86400.0,88800.6,1014.3,1.16,88446.19142857143,88439.20714285712,66337.38999999998,13.432127188808428,457.00000000001455,0.5170660716506377,88449.9,88407.0,845.5571428571358,1.3285714285656078,9.610432640802104E-5,4.914285714284882,5.917049880634659,163587.04784282,0.00892880714286548,14.123529312714286,0.05823204490476191
"2025-04-22T08:00:00.000000Z","BTC/USD",88499.9,9.044946324000001,88500.0,2.3246903592,88500.0,41781.46100045,87604.12,86400.0,88800.6,1064.2,1.22,88461.71359999999,88454.47542857144,66374.9825,22.26231945119154,1139.4999999999854,1.2887652671033538,88500.0,88441.1,861.6039999999944,2.1800000000023285,5.673925751458958E-4,8.02,10.278385432577307,584495.2450377399,0.2418482555999981,11.686951335373335,0.4841952942133333
"2025-04-22T08:01:00.000000Z","BTC/USD",88499.9,0.918589945,88500.0,8.714150032500001,88500.0,13403.06601318,87606.30000000002,86400.0,88800.6,1064.3,1.22,88499.96749999998,88492.25625,66374.9675,21.26323477416333,400.5,0.45279870363397545,88500.0,88452.0,893.6624999999949,0.10000000000582077,1.8747634331463606E-16,-0.012500000000727596,10.421427629945404,187534.17582232,0.007125587499984931,7.9222921309166665,3.210039444125
"2025-04-22T08:02:00.000000Z","BTC/USD",88462.1,0.5224967183333333,88462.2,13.995723431666663,88462.1,20059.245168970003,87606.93333333335,86400.0,88800.6,1026.4,1.17,88496.12666666665,88498.59404761904,66354.9425,15.675284393473923,462.6999999999971,0.5231180911243938,88500.0,88461.0,883.4833333333299,3.341666666669577,-4.283403121849077E-4,-9.549999999999272,10.397410920326285,281166.61743015,-0.4200697583333219,4.425493638666667,7.330406482722222
"2025-04-22T08:03:00.000000Z","BTC/USD",88452.0,0.39846601714285707,88452.1,4.529145141428572,88452.1,11693.58896426,87607.62857142856,86400.0,88800.6,1016.3,1.16,88462.62000000001,88480.78367346941,66343.8575,19.002121256449747,-200.39999999996508,-0.2264391634001755,88500.0,88452.1,852.471428571429,0.6857142857084649,-1.130491504993641E-4,-7.271428571425661,10.395299347333864,163792.16032273998,0.02003450571429052,1.1162528372857146,9.757726856095237
"2025-04-22T08:04:00.000000Z","BTC/USD",88452.0,9.652771025,88452.1,1.0015303825,88452.1,6681.62754398,87607.7,86400.0,88800.6,994.4,1.14,88454.48499999999,88463.29821428572,66339.075,16.81620938140071,-191.39999999996508,-0.2162713085002102,88500.0,88452.1,844.4000000000087,0.10000000000582077,0.0,-6.474999999998545,10.342381353971392,93570.20006292,-0.04233743500003584,1.21900401225,9.218705867500002
"2025-04-22T08:05:00.000000Z","BTC/USD",88489.6,16.034991410909093,88489.7,0.011188857272727275,88489.7,18372.73470454,87607.69999999997,86400.0,88800.6,942.8,1.08,88455.82545454545,88455.55389610388,66357.5975,14.074444926885285,-421.59999999996217,-0.47638436400795253,88489.7,88452.0,853.9454545454593,3.5181818181828763,4.249985087294719E-4,9.563636363633453,6.689999601985202,257241.71092552994,-0.0363733963636357,4.8084644745151515,6.921392998575755
"2025-04-22T08:06:00.000000Z","BTC/USD",88499.9,14.366793014,88500.0,6.194039232,88500.0,8350.23503349,87607.8,86400.0,88800.6,918.4,1.05,88493.644,88469.8642857143,66375.0,21.639331395984556,39.20000000001164,0.04431321383469301,88500.0,88452.0,892.1999999999971,2.1600000000034925,1.1639095395539016E-4,17.280000000001746,6.906947021642289,116914.55303853999,0.012229246000015338,8.9477933836,3.8475617548666654
"2025-04-22T08:07:00.000000Z","BTC/USD",88513.3,19.980835555000002,88513.4,1.1971545503846153,88513.4,43549.98739245,87610.46153846158,86400.0,88800.6,959.3,1.1,88506.3369230769,88501.31620879116,66385.0325,21.252213570181002,1159.9999999998545,1.3113540485497814,88513.4,88452.0,896.90384615384,0.7615384615368944,1.5140096767326811E-4,2.057692307691748,6.975960411918061,609144.31274959,0.23775990884615356,16.083712453153844,2.2754954026794874
"2025-04-22T08:08:00.000000Z","BTC/USD",88542.9,10.098896341875001,88543.0,0.007663781874999999,88543.0,26819.63489212,87611.15624999997,86400.0,88800.6,989.0,1.13,88525.04125,88519.12410714285,66406.1975,10.28915617015828,441.29999999998836,0.4986366423621046,88543.0,88513.3,917.512499999998,2.337499999999636,3.3435673916095066E-4,7.0937500000009095,2.421208070510693,375472.9205660299,-0.018232501249997313,16.943887960854163,0.5217518301249999
"2025-04-22T08:09:00.000000Z","BTC/USD",88545.9,8.594999442222223,88546.0,0.32545702,88546.0,15083.362906590002,87611.19999999998,86400.0,88800.6,991.9,1.13,88543.96888888888,88539.0388888889,66409.3425,9.341972435176256,282.2000000000553,0.31882178291654745,88546.0,88516.5,933.5555555555588,0.3555555555616997,3.388126874379715E-5,1.8111111111114344,2.425041938270241,211191.31870794,0.004288355555546432,13.579834701518518,0.05312129051851852
"2025-04-22T08:10:00.000000Z","BTC/USD",88549.9,11.548816215,88550.0,0.97333424625,88549.9,13373.449535509999,87611.36250000002,86400.0,88800.6,995.9,1.14,88548.9625,88546.31785714284,66412.4625,2.7108719133538868,288.1000000000058,0.3254855423918841,88550.0,88539.0,938.5999999999985,0.6000000000058208,4.404393326566721E-5,2.062499999998181,1.3229427481169498,187653.55856049003,-2.103862669999984,9.926753508791668,0.25040975425
"2025-04-22T08:11:00.000000Z","BTC/USD",88555.8,14.528042468,88555.9,0.28272545300000007,88555.8,16597.02807868,87612.24000000002,86400.0,88800.6,1001.8,1.14,88552.126,88550.33142857142,66416.88249999999,2.723902137953937,218.39999999999418,0.2466973503599238,88555.9,88545.3,941.0700000000027,0.6899999999979627,6.66268787757352E-5,2.360000000000582,1.1626332079951573,233388.80854503,0.09226906100000179,11.124655526366666,0.4418015081
"2025-04-22T08:12:00.000000Z","BTC/USD",88555.8,21.4204403125,88555.9,0.01868702,88555.9,6640.1419882400005,87612.5,86400.0,88800.6,1012.9,1.16,88555.875,88553.40892857143,66416.915,2.783478956638008,51.79999999998836,0.058502681594575764,88555.9,88549.9,943.3999999999942,0.09999999999126885,1.1292308751605991E-6,0.049999999995634425,0.8802232099922941,92959.96683557998,-9.66055000048982E-4,12.667887575083334,0.4530886483333333
"2025-04-22T08:13:00.000000Z","BTC/USD",88549.9,4.348239954285714,88550.0,2.8741159342857148,88550.0,11620.978270450001,87612.5714285714,86400.0,88800.6,1025.2,1.17,88553.33714285713,88554.51938775509,66412.4725,2.8358942008408983,44.59999999997672,0.050369969965662086,88555.9,88549.9,939.0714285714223,0.9428571428579744,-6.6626803535888E-5,-3.3857142857117912,1.890399287839372,162680.80865903,0.020399877142868457,12.512240778809526,0.7586758484761905
"2025-04-22T08:14:00.000000Z","BTC/USD",88549.9,9.1333961175,88550.0,2.0575706824999997,88550.0,6640.8372678,87612.6,86400.0,88800.6,1020.0,1.17,88551.46000000002,88553.24107142857,66414.4175,2.957418896707676,11.89999999999418,0.013438742829852846,88555.9,88549.9,940.3499999999913,1.5750000000007276,1.1167282376600696E-16,2.974999999998545,2.798245435052258,92966.43855139999,0.028299609999976383,12.174867235583335,1.0456213800833334
"2025-04-22T08:15:00.000000Z","BTC/USD",88549.9,6.405962633333334,88550.0,1.900615135,88549.9,9961.80792367,87612.63333333335,86400.0,88800.6,1033.9,1.18,88550.95666666667,88551.51666666666,66412.4625,2.930382715130667,0.10000000000582077,1.1293080278619005E-4,88555.9,88549.9,937.3166666666608,0.10000000000582077,-1.1293061149282374E-6,-2.0,2.7996195853156216,139456.70833396,0.011441278333336413,11.011915267,1.4357356501111112
"2025-04-22T08:16:00.000000Z","BTC/USD",88549.9,17.812225497500002,88555.9,0.0038854725,88550.0,6641.62444215,87612.7,86400.0,88800.6,1043.0,1.19,88549.935,88550.80714285713,66412.45999999999,2.079651167765195,-10.100000000020373,-0.011405417064292106,88555.9,88549.9,937.25,1.5750000000043656,1.1293061148708995E-6,0.0,2.3151673805558795,92975.57881671,0.020044670000004317,10.54908689975,1.3382584855
"2025-04-22T08:17:00.000000Z","BTC/USD",88608.8,21.18390006225807,88609.0,4.919060698064518,88608.9,51635.373265580005,87615.98064516127,86400.0,88800.6,1137.8,1.3,88585.67741935483,88578.35783410136,66453.005,19.290841910932645,1135.900000000067,1.282757179631397,88608.9,88549.9,973.2903225806466,1.9419354838741598,6.64939804550522E-4,6.970967741935672,7.173042895362904,721772.9708345499,0.4588099206451613,15.80186085912903,3.2988411892043015
"2025-04-22T08:18:00.000000Z","BTC/USD",88646.9,8.644192473636364,88647.0,1.327984747272727,88647.0,18438.84980659,87622.41818181817,86400.0,88800.6,1176.0,1.34,88633.31636363636,88616.59480519482,66485.2225,21.49563909261672,709.1999999999971,0.8006949007481315,88648.6,88600.0,1018.4090909090896,6.536363636369722,4.2988696665952454E-4,15.636363636363637,9.257966344098653,257791.52506550992,0.24108600727272875,20.05426940030303,5.0594817300606065
"2025-04-22T08:19:00.000000Z","BTC/USD",88582.2,0.9091287129411765,88582.3,17.484177183529415,88582.2,28559.865125189997,87624.71764705885,86400.0,88800.6,1111.1,1.27,88629.78705882355,88638.59327731094,66436.6775,28.488060513778347,369.99999999998545,0.417609494778184,88648.6,88582.2,997.452941176467,3.905882352945114,-7.312565072525681E-4,-15.22941176470554,9.294542522906822,399441.74257695006,0.21814848882353116,11.006736929686276,6.514104980294117
"2025-04-22T08:20:00.000000Z","BTC/USD",88555.8,0.004901844999999999,88555.9,14.647496653333333,88555.8,10086.15161828,87625.3,86400.0,88800.6,1084.7,1.24,88574.19,88597.81428571428,66421.35,28.822352613970686,-379.3999999999942,-0.428034877881054,88646.9,88555.8,940.799999999998,4.5,-2.980726912966826E-4,-14.733333333332363,8.723002306018392,141197.19754921002,2.18663333347043E-4,2.6054925441111116,12.250672541388889
"2025-04-22T08:21:00.000000Z","BTC/USD",88499.9,0.1280090875,88500.0,18.979371595,88499.9,6724.197811489999,87625.4,86400.0,88800.6,1028.8,1.18,88528.945,88562.1482142857,66380.53,34.05966328761104,-588.4000000000087,-0.6637560587329994,88614.0,88499.9,874.5250000000015,14.075000000004366,-6.314397317607446E-4,-60.22500000000582,15.507905981436618,94136.59280582,0.0029693524999743204,1.0969473933333338,14.790111234333333
"2025-04-22T08:22:00.000000Z","BTC/USD",88468.7,1.3351458144444444,88468.8,9.297661625555556,88468.8,15130.520350769999,87625.55555555556,86400.0,88800.6,918.8,1.05,88479.23333333334,88515.34206349205,66347.97499999999,38.93285428603043,-1574.2999999999884,-1.77592158490915,88582.3,88453.4,846.4555555555513,6.122222222226103,-3.514745864117289E-4,-15.76666666666602,16.241899209787537,211813.31836589,0.05419126777777213,0.4824772087777778,16.06229569351852
"2025-04-22T08:23:00.000000Z","BTC/USD",88452.0,0.252538,88452.1,17.98098932,88452.1,6725.634159210001,87625.8,86400.0,88800.6,898.0,1.03,88459.715,88473.4232142857,66340.7,18.73715206072996,-720.1000000000058,-0.8124501849864904,88500.0,88452.0,826.2249999999985,0.10000000000582077,-1.8878493213166938E-4,-12.424999999995634,8.557961102088543,94146.50764262001,-0.01994022999997469,0.4409781996666666,14.991159812749999
"2025-04-22T08:24:00.000000Z","BTC/USD",88452.0,0.23143105,88452.1,16.127837475,88452.1,6725.93820744,87625.82500000001,86400.0,88800.6,898.0,1.03,88452.03499999999,88460.54285714286,66339.04750000002,15.110423487088582,-547.5999999999913,-0.6181289480478258,88499.9,88452.0,826.2250000000022,0.10000000000582077,4.2792316253524067E-17,0.02500000000145519,8.554696969308244,94152.99660945001,0.029941982500020003,0.4725050226666666,15.243659020249998
"2025-04-22T08:25:00.000000Z","BTC/USD",88452.0,0.28182443,88452.1,10.56675593,88452.1,3362.91705111,87625.9,86400.0,88800.6,864.1,0.99,88452.06999999999,88455.6392857143,66339.06500000002,7.020018751063343,-260.19999999998254,-0.2937384711601005,88474.4,88452.0,826.2000000000116,0.10000000000582077,0.0,0.10000000000582077,6.496034293202245,47079.18931120999,-0.10671843500006162,0.4983455461666667,14.347562216
"2025-04-22T08:26:00.000000Z","BTC/USD",88452.0,0.18849401500000001,88452.1,20.3103880475,88452.1,6725.55123773,87625.9,86400.0,88800.6,855.6,0.98,88452.075,88453.90892857144,66339.04250000001,7.056911505748849,-476.79999999998836,-0.5383208245049159,88474.4,88452.0,826.1500000000087,0.10000000000582077,4.2792316253524067E-17,-0.05000000000291038,6.085923228110656,94160.19227006,0.0154197224999848,0.5183338222500002,14.132448611583333
"2025-04-22T08:27:00.000000Z","BTC/USD",88452.0,0.16950592666666667,88452.1,17.71565388,88452.0,5041.51513149,87625.89999999998,86400.0,88800.6,796.0,0.91,88452.04666666668,88452.05714285716,66339.0275,0.04948716593341989,-255.39999999999418,-0.2884398938459222,88452.1,88452.0,826.133333333341,0.10000000000582077,-1.13055604714697E-6,0.0,0.06793662205263018,70614.78378168,-0.3030746066666173,0.5377617374444444,14.979594715555557
"2025-04-22T08:28:00.000000Z","BTC/USD",88452.0,0.15750077333333332,88452.1,21.88514190333333,88452.0,10082.69392736,87625.90000000001,86400.0,88800.6,774.0,0.88,88452.02666666667,88452.05,66339.0,0.05000000000291038,-254.59999999997672,-0.28769655671323946,88452.1,88452.0,826.1166666666735,0.10000000000582077,4.2792316253524067E-17,-0.033333333335273586,0.06793662205263018,141202.76791963,-0.00935197666668349,0.5496316522222223,15.3637102005
"2025-04-22T08:29:00.000000Z","BTC/USD",88452.0,0.15091441,88452.1,18.98161236,88452.1,6720.613142419999,87625.9,86400.0,88800.6,781.1,0.89,88452.01999999999,88452.03035714287,66339.035,0.04791574237778456,-29.799999999973807,-0.03368533057883798,88452.1,88452.0,826.1500000000087,0.10000000000582077,1.1305560472325547E-6,0.05000000000291038,0.06793662205263018,94112.93926737,-0.09832129000000123,0.5573287557500001,16.504075350999997
"2025-04-22T08:30:00.000000Z","BTC/USD",88446.1,0.00644328,88446.2,17.755683963333333,88446.2,5040.536275840001,87626.0,86400.0,88800.6,803.2,0.92,88450.86,88451.60476190476,66336.82,2.0562994302724737,-50.89999999999418,-0.057534050199816486,88452.1,88446.1,822.1000000000009,2.0666666666656965,-6.670499379810193E-5,-3.9333333333343035,1.576078573115558,70573.97113388,0.04710344666667273,0.1795117603333333,18.14371511922222
"2025-04-22T08:31:00.000000Z","BTC/USD",88407.0,0.227306102,88407.1,11.538980217999999,88407.0,8401.46475348,87626.05999999998,86400.0,88800.6,764.0,0.87,88433.216,88445.05428571429,66311.9425,17.01805164032154,-168.0,-0.18993347456907583,88452.1,88407.0,792.3599999999976,6.500000000005821,-4.433055284490375E-4,-27.26000000000058,5.903273587869694,117618.77533984,0.038343424000004234,0.16143795159999996,18.186868946266664
"2025-04-22T08:32:00.000000Z","BTC/USD",88433.9,10.802446236666668,88434.0,0.14439795,88434.0,5046.06811737,87626.90000000001,86400.0,88800.6,791.0,0.9,88414.88,88434.63571428572,66315.19,18.469827850207743,-82.40000000000873,-0.0931577656155238,88452.1,88407.0,797.7333333333323,8.666666666666666,3.0535905372400767E-4,6.9333333333343035,9.785582922650232,70577.53117085,0.8175068366667043,1.0037738024444447,16.200813530222224
"2025-04-22T08:33:00.000000Z","BTC/USD",88380.7,0.36351794285714284,88380.8,14.665756253571429,88380.7,23563.94276005,87627.40714285716,86400.0,88800.6,737.8,0.84,88420.17714285714,88425.01173469388,66290.0075,21.1429210906363,-532.2000000000262,-0.6016821193158612,88452.1,88380.7,786.6142857142851,3.9214285714333528,-6.028910674785276E-4,-10.042857142857558,9.789990057472712,329689.84891634,0.033690602857128785,1.2069170356190473,15.63278200595238
"2025-04-22T08:34:00.000000Z","BTC/USD",88372.0,6.650378622857143,88372.1,1.7758945771428571,88372.1,11788.64989268,87627.87142857142,86400.0,88800.6,743.9,0.85,88370.55142857143,88394.58775510205,66275.95249999998,25.53200972129079,-585.4000000000087,-0.6618390078468016,88434.3,88365.1,738.8571428571429,2.328571428567687,-9.731104691727522E-5,-9.800000000000832,6.797606609778876,164967.90643626,0.3275293457143107,1.8991795481428568,11.490425850999998
"2025-04-22T08:35:00.000000Z","BTC/USD",88415.9,19.41649438625,88416.0,4.875875E-4,88415.9,13484.92606312,87628.59999999999,86400.0,88800.6,787.9,0.9,88385.70249999998,88377.61964285714,66307.0125,19.332510685054544,-190.30000000001746,-0.21520457868167808,88416.0,88365.1,768.3624999999938,5.587500000003274,4.955087550758384E-4,21.762500000000728,7.373445077279691,188657.50669317006,0.0022569799999985207,5.698829354499999,7.7705272958750005
"2025-04-22T08:36:00.000000Z","BTC/USD",88451.9,15.318827336666667,88452.0,1.6779997366666668,88451.9,5058.53160686,87628.86666666665,86400.0,88800.6,845.8,0.97,88421.95333333332,88393.95238095238,66325.4675,27.743023576077892,17.09999999999127,0.019336365437073656,88452.0,88365.1,811.0999999999962,9.10000000000582,4.0708371447094197E-4,29.99999999999515,9.941432039998526,70787.03917352999,0.2720049033333301,8.015270947222222,6.79182325588889
"2025-04-22T08:37:00.000000Z","BTC/USD",88451.9,5.640748196666667,88452.0,4.877170166666667,88452.0,5058.876570429999,87629.06666666667,86400.0,88800.6,859.2,0.98,88444.75333333334,88412.17142857141,66338.9725,29.173121540350518,53.30000000000291,0.060270800210781475,88452.0,88368.5,822.8999999999942,0.10000000000582077,1.1305573252770635E-6,24.0,10.163858699757252,70805.41304024999,-0.1577812166666869,8.897851834555555,5.298859151555557
"2025-04-22T08:38:00.000000Z","BTC/USD",88451.9,7.19730382,88452.0,3.8678744700000003,88452.0,6745.32374167,87629.2,86400.0,88800.6,859.2,0.98,88451.985,88430.9125,66339.0,26.75922881046112,157.39999999999418,0.17803166245525867,88452.0,88379.9,822.8000000000029,0.10000000000582077,0.0,0.05000000000291038,10.328721373292101,94416.52092713,0.09163611000002447,9.572400227416669,3.746764897
"2025-04-22T08:39:00.000000Z","BTC/USD",88446.9,2.0944156274999997,88452.0,7.1466738549999995,88446.9,6745.4579863399995,87629.25,86400.0,88800.6,854.1,0.98,88451.735,88445.45357142856,66337.9625,16.288084100760994,262.49999999998545,0.29699845107427075,88452.0,88415.8,821.4499999999971,1.3500000000058208,-5.766005330073076E-5,-1.3000000000029104,9.796322217755254,94428.15551476,0.01905756249999513,10.122931195583334,2.7085611704166666
"2025-04-22T08:40:00.000000Z","BTC/USD",88451.9,5.851375963333333,88452.0,0.8572112183333335,88452.0,10118.60438379,87629.3,86400.0,88800.6,864.0,0.99,88447.54,88450.19761904764,66336.45749999999,3.045044485451219,490.19999999998254,0.5547391777299526,88452.0,88445.3,818.2333333333276,1.1499999999941792,5.766005330066549E-5,-1.3999999999990298,2.292462565753032,141654.21547814,0.0035459333333089185,10.401704395333335,2.3529867303888885
"2025-04-22T08:41:00.000000Z","BTC/USD",88451.9,1.8121646979999997,88452.0,5.9427151160000005,88452.0,8432.18935521,87629.3,86400.0,88800.6,864.0,0.99,88451.152,88449.70999999999,66338.985,3.0300535456992415,357.8999999999942,0.40495768080230327,88452.0,88445.3,822.679999999996,0.10000000000582077,3.990266335396602E-17,2.7,2.2927980889990325,118048.50067522001,0.0026999240000350256,9.219182708133333,2.8001517294666667
"2025-04-22T08:42:00.000000Z","BTC/USD",88445.3,0.11914297125000002,88445.4,7.896808598750001,88445.4,13491.84304836,87629.30000000002,86400.0,88800.6,857.3,0.98,88450.9575,88450.44464285714,66335.48000000001,3.0300535456992415,178.09999999999127,0.20145571025730638,88452.0,88445.3,820.1624999999949,0.1000000000003638,-7.46195252510564E-5,-2.5,2.5516209026332723,188881.99283713003,0.00689871249997509,5.139712485666667,4.376222489875001
"2025-04-22T08:43:00.000000Z","BTC/USD",88445.0,0.09338907,88445.4,19.83260222,88445.0,1686.51129472,87629.4,86400.0,88800.6,856.9,0.98,88446.58,88450.04285714286,66334.5925,3.0326118600756167,-7.0,-0.007913896802785692,88452.0,88445.0,815.6000000000058,0.39999999999417923,-4.522574430181825E-6,-6.899999999994179,1.7539136289288564,23610.543698290003,0.013168930000119872,3.0175726513333334,5.800431827333333
"2025-04-22T08:44:00.000000Z","BTC/USD",88394.8,0.02144173,88394.9,12.515220835000001,88394.9,3374.90056663,87629.8,86400.0,88800.6,811.7,0.93,88428.92,88443.48928571428,66313.975,20.4918014964866,-120.30000000000291,-0.13600596933930598,88452.0,88388.8,762.0499999999956,28.19999999999709,-5.66614223830618E-4,-53.450000000004366,15.164424265812631,47224.150840129994,0.4669072499999629,2.748272585833334,6.255350404166668
"2025-04-22T08:45:00.000000Z","BTC/USD",88351.9,0.17724820666666663,88380.1,11.653424741666667,88352.5,10124.90301571,87629.85000000002,86400.0,88800.6,773.5,0.88,88397.45000000001,88426.51666666666,66286.625,31.23358671006934,-391.19999999998254,-0.44227390265617983,88452.0,88352.5,756.9333333333367,7.249999999997574,-4.797807584532718E-4,-23.83333333333091,17.198506884413572,141696.97342469,0.012745156666672605,2.026816196777778,6.987932276388889
"2025-04-22T08:46:00.000000Z","BTC/USD",88351.9,2.334255965,88352.0,9.054528147500001,88351.9,6750.06076313,87629.9,86400.0,88800.6,772.8,0.88,88364.035,88396.01607142857,66264.0,33.20567092580248,-375.3999999999942,-0.4244408288772745,88451.9,88351.9,722.0250000000015,0.10000000000582077,-6.7910023746578255E-6,-30.85000000000582,17.3038081111614,94485.37928575,-0.0032151249999969878,1.5444976836666666,8.163490263083332
"2025-04-22T08:47:00.000000Z","BTC/USD",88355.0,12.027641698333333,88355.1,0.004663233333333333,88355.0,10124.55829278,87629.90000000001,86400.0,88800.6,779.9,0.89,88352.58,88369.08928571428,66265.5925,26.947307805405508,-583.7999999999884,-0.660027490005846,88445.0,88351.9,723.6166666666735,0.6166666666734576,3.5086349206887164E-5,1.566666666670547,17.313028237299562,141748.18455483,-0.04276805166667449,2.110255567222222,8.144436390722221
"2025-04-22T08:48:00.000000Z","BTC/USD",88355.0,18.07706326,88370.0,0.03574828,88370.0,5001.77039075,87630.63333333335,86400.0,88800.6,824.5,0.94,88355.85333333333,88356.24285714286,66269.29250000001,13.709061504966876,-275.79999999998836,-0.3118075340297431,88394.8,88351.9,729.4333333333392,5.066666666670547,1.697552698942438E-4,6.033333333335274,9.82176667365505,70765.36452643,-9.519262389999994,3.967501783111111,7.394476813555556
"2025-04-22T08:49:00.000000Z","BTC/USD",88369.9,7.26225712625,88370.0,0.7933896887499999,88369.9,13269.72292046,87631.09999999999,86400.0,88800.6,821.3,0.94,88367.70000000001,88360.13214285714,66277.425,8.007066394432698,-629.4000000000233,-0.7115986969953897,88370.0,88351.9,738.8124999999891,0.10000000000582077,-1.1316063889272702E-6,5.549999999995634,3.9848084301306756,187474.22437390004,0.005009523750004519,5.565749498625,6.1191847583333345
"2025-04-22T08:50:00.000000Z","BTC/USD",88383.3,7.081741825000001,88383.4,1.4185622925,88383.3,6635.11791653,87631.175,86400.0,88800.6,831.4,0.95,88373.54999999999,88368.57142857143,66284.06,7.215007036072566,-56.10000000000582,-0.06346669752267724,88383.3,88355.0,748.125,2.8250000000007276,1.5162384642187756E-4,9.400000000005093,4.716984293845096,93063.87643812998,0.016114437499993528,7.2625623219166675,4.103819275166667
"2025-04-22T08:51:00.000000Z","BTC/USD",88383.3,5.221395044285714,88383.4,0.03499944,88383.3,11611.462895830002,87631.19999999998,86400.0,88800.6,795.2,0.91,88382.78285714284,88376.4285714286,66287.4875,6.541562566875927,96.40000000000873,0.10912415139188032,88383.4,88369.9,752.1285714285748,0.09999999999126885,-1.1522358588089698E-16,2.3000000000008316,2.9054733087606746,162558.06969394,-0.004390187142852093,7.962915296952382,2.0225601433809524
"2025-04-22T08:52:00.000000Z","BTC/USD",88383.3,3.642362825,88383.4,1.4253130950000001,88383.3,3317.53358524,87631.2,86400.0,88800.6,795.2,0.91,88383.33,88380.74285714285,66287.4925,5.4305494516628094,62.80000000000291,0.07107935944051796,88383.4,88369.9,752.1500000000015,0.09999999999126885,-5.761179294044849E-17,0.0,2.903150706329038,46445.66102386,-0.001445660000058524,8.681181710333334,0.5084108220000001
"2025-04-22T08:53:00.000000Z","BTC/USD",88383.3,11.0943553725,88383.4,0.00814115,88383.4,6587.678315470001,87631.575,86400.0,88800.6,794.7,0.91,88383.355,88382.99642857142,66287.52249999999,3.4371618572091323,119.39999999997963,0.13513904176301172,88383.4,88370.0,751.7999999999993,0.09999999999126885,1.131434823189386E-6,0.049999999995634425,2.903150706329397,92796.71274453,-3.9443105949999904,8.571865147,0.5086519300833334
"2025-04-22T08:54:00.000000Z","BTC/USD",88383.3,9.375715176,88386.5,0.009593442,88386.5,8215.027277860001,87631.7,86400.0,88800.6,795.3,0.91,88383.48799999998,88383.39285714287,66288.14,0.8136589066227911,114.69999999998254,0.12981141732304874,88386.5,88383.3,752.2800000000018,0.719999999992433,3.5073844589156135E-5,0.6000000000029104,0.8563027723109538,115640.39836202,0.010163072000023022,7.825378262666666,0.5087624468666667
"2025-04-22T08:55:00.000000Z","BTC/USD",88386.4,12.853885802499999,88394.9,0.0086131325,88394.9,6572.62416664,87631.775,86400.0,88800.6,803.1,0.92,88385.925,88384.275,66291.50999999998,3.0525666684445327,74.5,0.08430472366722154,88394.9,88383.3,756.7499999999927,2.2000000000043656,9.503262228176546E-5,4.399999999994179,2.356810601855143,92229.81542996,0.042103702500014606,7.834833282416667,0.49896941866666666
"2025-04-22T08:56:00.000000Z","BTC/USD",88405.0,8.174015924285715,88405.1,0.41285227857142853,88405.0,11504.518735820002,87632.0,86400.0,88800.6,807.5,0.92,88396.03142857144,88389.27653061225,66302.45749999999,8.004427983745433,175.30000000003201,0.1983598490406998,88405.1,88383.3,768.3142857142874,1.4285714285693498,1.1425345841260728E-4,9.100000000003742,2.990972611000257,161045.64180197,0.07294524714283009,8.452752876761906,0.3254870056666666
"2025-04-22T08:57:00.000000Z","BTC/USD",88394.0,1.8578428585714288,88394.1,4.916651594285715,88394.0,11507.056469569998,87632.1857142857,86400.0,88800.6,796.6,0.91,88403.06000000001,88398.4908163265,66297.99250000001,7.983749438832768,118.80000000000291,0.13441447775999107,88405.1,88383.3,768.1142857142883,1.6714285714343922,-1.244350931193372E-4,-4.38571428571387,4.446233696381221,161065.06515588998,0.03279575857144274,8.087523676095236,0.7140590855714285
"2025-04-22T08:58:00.000000Z","BTC/USD",88394.0,0.003778825,88394.1,10.3404246575,88394.1,6575.92361989,87632.22499999999,86400.0,88800.6,796.6,0.91,88394.615,88400.04107142858,66295.56500000002,5.471577767453196,42.900000000037835,0.048538540290983194,88405.1,88394.0,761.8750000000073,0.10000000000582077,1.1312978645132738E-6,-2.6749999999956344,3.8146711491723497,92052.86180013,0.02962416249999933,7.087461046333334,2.09943319025
"2025-04-22T08:59:00.000000Z","BTC/USD",88394.0,1.432325788,88394.1,4.771317829999999,88394.0,8220.743780499999,87632.3,86400.0,88800.6,802.6,0.92,88394.096,88397.19857142858,66295.55500000001,5.406571964576077,53.600000000034925,0.060644899878304,88405.0,88394.0,761.7800000000018,0.10000000000582077,-1.1312978645940517E-6,-0.020000000001164153,2.9337658816820626,115077.01512982999,0.014486347999991267,5.797346335933334,3.1825086392
"2025-04-22T09:00:00.000000Z","BTC/USD",88421.0,4.040097885714286,88421.1,2.346008584285714,88421.1,23006.62871466,87632.37857142858,86400.0,88800.6,839.4,0.96,88403.73000000001,88397.99846938776,66315.825,13.507165520869824,175.2000000000844,0.19819631257027917,88421.1,88394.0,775.2142857142951,2.028571428577249,3.0653490807293164E-4,7.721428571428987,7.194886415541578,322178.13471672003,-0.07487734214285931,3.8666975406666664,3.5910303226904765
"2025-04-22T09:01:00.000000Z","BTC/USD",88421.0,13.05013289,88424.2,0.0054243600000000005,88421.1,4929.09116243,87632.39999999998,86400.0,88800.6,781.9,0.89,88421.10000000002,88411.45000000003,66315.825,13.369804922790845,48.30000000001746,0.054634918839451915,88421.1,88394.0,788.7000000000116,1.1333333333362436,0.0,0.0,7.194779501208228,69013.30313855999,-0.026672963333339794,3.0504443204444436,4.331546230222222
"2025-04-22T09:02:00.000000Z","BTC/USD",88445.0,13.505128877999999,88452.0,0.34648490400000004,88452.0,8215.47131294,87632.43999999999,86400.0,88800.6,812.7,0.93,88429.724,88421.86285714286,66331.4725,11.281834776239968,228.69999999998254,0.2587277775221797,88452.0,88394.0,807.3600000000035,5.660000000000582,3.49403050145965E-4,17.919999999995344,7.44865660418684,115015.25434463001,0.07862996400003794,4.663268397133332,3.475488862399999
"2025-04-22T09:03:00.000000Z","BTC/USD",88451.9,14.251909043333335,88452.0,1.7072987833333333,88452.0,4930.21598086,87632.60000000002,86400.0,88800.6,810.1,0.92,88448.16000000002,88432.18095238095,66338.26749999999,13.539405829059815,173.4999999999709,0.1962800684660751,88452.0,88421.1,819.3333333333236,0.10000000000582077,3.990266335396602E-17,11.266666666662786,3.4630765813477375,69011.36628387,0.00106763333330188,6.598324847111111,2.423211377888889
